log_path,accuracy,valid.accuracy,init.test.accuracy,init.valid.accuracy,epoch
/watson/data/ml/results/cbt-hyperparams/h89/89_-bi_True_-ehd_384_-sed_128.out,0.6004,0.665,0.28,0.2825,2
/watson/data/ml/results/cbt-hyperparams/h9/9_-rsd_3_-ehd_384_-sed_128.out,0.3268,0.3515,0.1708,0.1595,1
/watson/data/ml/results/cbt-hyperparams/h16/16_-ehd_128_-sed_128.out,0.6364,0.6725,0.2968,0.286,3
/watson/data/ml/results/cbt-hyperparams/h91/91_-erw_0.0001_-ehd_384_-sed_128.out,0.6396,0.684,0.2916,0.2895,3
/watson/data/ml/results/cbt-hyperparams/h8/8_-rsd_3_-ehd_384_-sed_128.out,0.2172,0.2025,0.1604,0.166,0
/watson/data/ml/results/cbt-hyperparams/h53/53_-b_16_-ehd_384_-sed_128.out,0.6508,0.6985,0.2932,0.2895,1
/watson/data/ml/results/cbt-hyperparams/h120/120_-rsd_3_-ehd_384_-sed_128.out,0.2156,0.2165,0.1716,0.162,0
/watson/data/ml/results/cbt-hyperparams/h93/93_-aoa_True_-ehd_384_-sed_128.out,0.6324,0.6905,0.2868,0.2865,2
/watson/data/ml/results/cbt-hyperparams/h48/48_-bi_True_-ehd_384_-sed_128.out,0.6168,0.6545,0.2804,0.283,3
/watson/data/ml/results/cbt-hyperparams/h63/63_-erw_0.0001_-ehd_384_-sed_128.out,0.65,0.6765,0.2924,0.289,3
/watson/data/ml/results/cbt-hyperparams/h143/143_-aoa_True_-ehd_384_-sed_128.out,0.6292,0.6845,0.2876,0.2855,2
/watson/data/ml/results/cbt-hyperparams/h38/38_-erw_0.0001_-ehd_384_-sed_128.out,0.632,0.6745,0.2888,0.289,2
/watson/data/ml/results/cbt-hyperparams/h28/28_-bi_True_-ehd_384_-sed_128.out,0.6152,0.661,0.278,0.283,3
/watson/data/ml/results/cbt-hyperparams/h136/136_-qice_True_-ehd_384_-sed_128.out,0.6312,0.674,0.2788,0.273,3
/watson/data/ml/results/cbt-hyperparams/h34/34_-aoa_True_-ehd_384_-sed_128.out,0.6276,0.676,0.2896,0.284,2
/watson/data/ml/results/cbt-hyperparams/h73/73_-ehd_128_-sed_128.out,0.628,0.6695,0.2956,0.2825,3
/watson/data/ml/results/cbt-hyperparams/h152/152_-lr_0.0005_-ehd_384_-sed_128.out,0.628,0.6585,0.2916,0.2875,3
/watson/data/ml/results/cbt-hyperparams/h134/134_-ehd_256_-sed_128.out,0.632,0.671,0.2944,0.2825,3
/watson/data/ml/results/cbt-hyperparams/h30/30_-ehd_128_-sed_128.out,0.6368,0.6665,0.2976,0.284,3
/watson/data/ml/results/cbt-hyperparams/h115/115_-ehd_256_-sed_128.out,0.6428,0.6685,0.294,0.2845,3
/watson/data/ml/results/cbt-hyperparams/h85/85_-qice_True_-ehd_384_-sed_128.out,0.6272,0.6785,0.278,0.273,3
/watson/data/ml/results/cbt-hyperparams/h36/36_-ehd_256_-sed_128.out,0.6468,0.677,0.2928,0.283,3
/watson/data/ml/results/cbt-hyperparams/h92/92_-aoa_True_-ehd_384_-sed_128.out,0.6356,0.676,0.2896,0.2865,2
/watson/data/ml/results/cbt-hyperparams/h121/121_-ehd_384_-sed_384.out,0.6524,0.6875,0.262,0.2775,2
/watson/data/ml/results/cbt-hyperparams/h77/77_-qice_True_-ehd_384_-sed_128.out,0.624,0.675,0.2776,0.273,2
/watson/data/ml/results/cbt-hyperparams/h74/74_-b_64_-ehd_384_-sed_128.out,0.6152,0.669,0.2904,0.2855,4
/watson/data/ml/results/cbt-hyperparams/h25/25_-qice_True_-ehd_384_-sed_128.out,0.6244,0.675,0.2804,0.2725,3
/watson/data/ml/results/cbt-hyperparams/h68/68_-ehd_128_-sed_128.out,0.6216,0.6635,0.2952,0.2825,3
/watson/data/ml/results/cbt-hyperparams/h149/149_-lr_0.0005_-ehd_384_-sed_128.out,0.6128,0.66,0.29,0.2895,3
/watson/data/ml/results/cbt-hyperparams/h3/3_-rsd_2_-ehd_384_-sed_128.out,0.572,0.618,0.164,0.166,1
/watson/data/ml/results/cbt-hyperparams/h58/58_-rsd_2_-ehd_384_-sed_128.out,0.4808,0.522,0.166,0.1695,0
/watson/data/ml/results/cbt-hyperparams/h7/7_-rsd_3_-ehd_384_-sed_128.out,0.3288,0.3475,0.1708,0.1645,0
/watson/data/ml/results/cbt-hyperparams/h123/123_-ehd_384_-sed_384.out,0.6376,0.684,0.2608,0.275,2
/watson/data/ml/results/cbt-hyperparams/h43/43_-lr_0.0005_-ehd_384_-sed_128.out,0.6148,0.655,0.2896,0.29,2
/watson/data/ml/results/cbt-hyperparams/h12/12_-ehd_384_-sed_384.out,0.6224,0.682,0.26,0.275,2
/watson/data/ml/results/cbt-hyperparams/h103/103_-b_64_-ehd_384_-sed_128.out,0.6412,0.667,0.292,0.288,3
/watson/data/ml/results/cbt-hyperparams/h100/100_-lr_0.0005_-ehd_384_-sed_128.out,0.6092,0.6595,0.2904,0.288,4
/watson/data/ml/results/cbt-hyperparams/h37/37_-aoa_True_-ehd_384_-sed_128.out,0.6324,0.6745,0.2896,0.2855,2
/watson/data/ml/results/cbt-hyperparams/h142/142_-bi_True_-ehd_384_-sed_128.out,0.618,0.663,0.278,0.2815,2
/watson/data/ml/results/cbt-hyperparams/h148/148_-erw_0.0001_-ehd_384_-sed_128.out,0.6348,0.683,0.2896,0.2885,3
/watson/data/ml/results/cbt-hyperparams/h64/64_-rsd_3_-ehd_384_-sed_128.out,0.9756,0.9775,0.1732,0.164,1
/watson/data/ml/results/cbt-hyperparams/h61/61_-rsd_3_-ehd_384_-sed_128.out,0.3288,0.354,0.1648,0.166,2
/watson/data/ml/results/cbt-hyperparams/h42/42_-qice_True_-ehd_384_-sed_128.out,0.612,0.673,0.2776,0.2755,3
/watson/data/ml/results/cbt-hyperparams/h67/67_-lr_0.0005_-ehd_384_-sed_128.out,0.6048,0.655,0.2924,0.289,3
/watson/data/ml/results/cbt-hyperparams/h46/46_-lr_0.0005_-ehd_384_-sed_128.out,0.6216,0.6615,0.2912,0.2875,3
/watson/data/ml/results/cbt-hyperparams/h6/6_-rsd_3_-ehd_384_-sed_128.out,0.3268,0.3495,0.1632,0.161,1
/watson/data/ml/results/cbt-hyperparams/h144/144_-aoa_True_-ehd_384_-sed_128.out,0.6448,0.6815,0.2876,0.286,2
/watson/data/ml/results/cbt-hyperparams/h2/2_-rsd_2_-ehd_384_-sed_128.out,0.4272,0.469,0.1612,0.1725,0
/watson/data/ml/results/cbt-hyperparams/h102/102_-lr_0.0005_-ehd_384_-sed_128.out,0.6148,0.651,0.2896,0.2875,2
/watson/data/ml/results/cbt-hyperparams/h113/113_-rsd_2_-ehd_384_-sed_128.out,0.4788,0.5285,0.1648,0.165,0
/watson/data/ml/results/cbt-hyperparams/h88/88_-bi_True_-ehd_384_-sed_128.out,0.6132,0.657,0.2804,0.283,2
/watson/data/ml/results/cbt-hyperparams/h33/33_-aoa_True_-ehd_384_-sed_128.out,0.6248,0.6775,0.2872,0.2865,3
/watson/data/ml/results/cbt-hyperparams/h106/106_-b_64_-ehd_384_-sed_128.out,0.6228,0.6615,0.2916,0.287,2
/watson/data/ml/results/cbt-hyperparams/h101/101_-lr_0.0005_-ehd_384_-sed_128.out,0.6192,0.6635,0.292,0.289,3
/watson/data/ml/results/cbt-hyperparams/h45/45_-lr_0.0005_-ehd_384_-sed_128.out,0.6064,0.659,0.2912,0.288,3
/watson/data/ml/results/cbt-hyperparams/h22/22_-qice_True_-ehd_384_-sed_128.out,0.6372,0.682,0.2788,0.2745,3
/watson/data/ml/results/cbt-hyperparams/h56/56_-rsd_2_-ehd_384_-sed_128.out,0.394,0.4145,0.1656,0.1685,0
/watson/data/ml/results/cbt-hyperparams/h78/78_-ehd_256_-sed_128.out,0.6344,0.671,0.2928,0.283,3
/watson/data/ml/results/cbt-hyperparams/h71/71_-ehd_384_-sed_384.out,0.6376,0.684,0.2644,0.2725,2
/watson/data/ml/results/cbt-hyperparams/h18/18_-ehd_256_-sed_128.out,0.628,0.6775,0.294,0.2815,3
/watson/data/ml/results/cbt-hyperparams/h54/54_-b_16_-ehd_384_-sed_128.out,0.6384,0.681,0.2924,0.2895,1
/watson/data/ml/results/cbt-hyperparams/h109/109_-b_16_-ehd_384_-sed_128.out,0.6432,0.6825,0.292,0.2885,3
/watson/data/ml/results/cbt-hyperparams/h140/140_-bi_True_-ehd_384_-sed_128.out,0.5996,0.6575,0.2776,0.283,2
/watson/data/ml/results/cbt-hyperparams/h44/44_-lr_0.0005_-ehd_384_-sed_128.out,0.5968,0.6625,0.2896,0.29,3
/watson/data/ml/results/cbt-hyperparams/h160/160_-b_64_-ehd_384_-sed_128.out,0.624,0.6665,0.2896,0.289,3
/watson/data/ml/results/cbt-hyperparams/h32/32_-bi_True_-ehd_384_-sed_128.out,0.5932,0.6545,0.2772,0.2845,2
/watson/data/ml/results/cbt-hyperparams/h15/15_-ehd_384_-sed_384.out,0.6376,0.6895,0.2648,0.2745,2
/watson/data/ml/results/cbt-hyperparams/h29/29_-bi_True_-ehd_384_-sed_128.out,0.6204,0.6715,0.2768,0.2825,3
/watson/data/ml/results/cbt-hyperparams/h110/110_-b_16_-ehd_384_-sed_128.out,0.622,0.6825,0.2916,0.2885,2
/watson/data/ml/results/cbt-hyperparams/h146/146_-aoa_True_-ehd_384_-sed_128.out,0.6524,0.678,0.2888,0.285,3
/watson/data/ml/results/cbt-hyperparams/h156/156_-b_16_-ehd_384_-sed_128.out,0.6248,0.679,0.2896,0.2895,2
/watson/data/ml/results/cbt-hyperparams/h87/87_-bi_True_-ehd_384_-sed_128.out,0.6244,0.66,0.2788,0.282,2
/watson/data/ml/results/cbt-hyperparams/h70/70_-ehd_384_-sed_384.out,0.63,0.6705,0.2596,0.277,1
/watson/data/ml/results/cbt-hyperparams/h159/159_-b_16_-ehd_384_-sed_128.out,0.642,0.6745,0.2916,0.287,1
/watson/data/ml/results/cbt-hyperparams/h141/141_-aoa_True_-ehd_384_-sed_128.out,0.5988,0.6675,0.2864,0.285,3
/watson/data/ml/results/cbt-hyperparams/h126/126_-ehd_384_-sed_384.out,0.6268,0.682,0.2652,0.275,2
/watson/data/ml/results/cbt-hyperparams/h41/41_-erw_0.0001_-ehd_384_-sed_128.out,0.638,0.669,0.2896,0.289,3
/watson/data/ml/results/cbt-hyperparams/h116/116_-rsd_3_-ehd_384_-sed_128.out,0.2168,0.241,0.166,0.159,0
/watson/data/ml/results/cbt-hyperparams/h151/151_-erw_0.0001_-ehd_384_-sed_128.out,0.6068,0.681,0.29,0.2865,3
/watson/data/ml/results/cbt-hyperparams/h4/4_-rsd_2_-ehd_384_-sed_128.out,0.5436,0.59,0.1652,0.17,1
/watson/data/ml/results/cbt-hyperparams/h23/23_-ehd_384_-sed_384.out,0.6268,0.675,0.264,0.2735,2
/watson/data/ml/results/cbt-hyperparams/h150/150_-lr_0.0005_-ehd_384_-sed_128.out,0.6076,0.6615,0.2916,0.2875,3
/watson/data/ml/results/cbt-hyperparams/h98/98_-lr_0.0005_-ehd_384_-sed_128.out,0.6032,0.654,0.292,0.2885,3
/watson/data/ml/results/cbt-hyperparams/h111/111_-ehd_128_-sed_128.out,0.6312,0.6605,0.2952,0.2825,3
/watson/data/ml/results/cbt-hyperparams/h40/40_-erw_0.0001_-ehd_384_-sed_128.out,0.6188,0.6645,0.292,0.2895,2
/watson/data/ml/results/cbt-hyperparams/h19/19_-ehd_256_-sed_128.out,0.6268,0.6685,0.2944,0.2825,3
/watson/data/ml/results/cbt-hyperparams/h76/76_-ehd_128_-sed_128.out,0.6116,0.6615,0.2948,0.282,3
/watson/data/ml/results/cbt-hyperparams/h155/155_-lr_0.0005_-ehd_384_-sed_128.out,0.6112,0.658,0.2908,0.2885,3
/watson/data/ml/results/cbt-hyperparams/h50/50_-b_64_-ehd_384_-sed_128.out,0.6248,0.659,0.2892,0.2885,3
/watson/data/ml/results/cbt-hyperparams/h79/79_-ehd_256_-sed_128.out,0.6292,0.673,0.2932,0.282,3
/watson/data/ml/results/cbt-hyperparams/h132/132_-qice_True_-ehd_384_-sed_128.out,0.6304,0.6785,0.2772,0.274,3
/watson/data/ml/results/cbt-hyperparams/h84/84_-qice_True_-ehd_384_-sed_128.out,0.6176,0.678,0.278,0.2725,3
/watson/data/ml/results/cbt-hyperparams/h90/90_-rsd_2_-ehd_384_-sed_128.out,0.4332,0.479,0.166,0.1755,0
/watson/data/ml/results/cbt-hyperparams/h17/17_-ehd_128_-sed_128.out,0.638,0.653,0.2956,0.284,3
/watson/data/ml/results/cbt-hyperparams/h26/26_-qice_True_-ehd_384_-sed_128.out,0.622,0.658,0.2772,0.273,1
/watson/data/ml/results/cbt-hyperparams/h83/83_-bi_True_-ehd_384_-sed_128.out,0.6212,0.664,0.278,0.287,3
/watson/data/ml/results/cbt-hyperparams/h51/51_-b_16_-ehd_384_-sed_128.out,0.65,0.6865,0.2932,0.2895,1
/watson/data/ml/results/cbt-hyperparams/h128/128_-ehd_128_-sed_128.out,0.6232,0.661,0.296,0.2845,3
/watson/data/ml/results/cbt-hyperparams/h131/131_-ehd_256_-sed_128.out,0.6304,0.6805,0.2956,0.284,3
/watson/data/ml/results/cbt-hyperparams/h135/135_-qice_True_-ehd_384_-sed_128.out,0.622,0.68,0.2788,0.2755,3
/watson/data/ml/results/cbt-hyperparams/h129/129_-ehd_128_-sed_128.out,0.6208,0.6655,0.2944,0.2835,3
/watson/data/ml/results/cbt-hyperparams/h145/145_-erw_0.0001_-ehd_384_-sed_128.out,0.6284,0.6695,0.2916,0.288,2
/watson/data/ml/results/cbt-hyperparams/h72/72_-ehd_256_-sed_128.out,0.6428,0.666,0.2944,0.283,3
/watson/data/ml/results/cbt-hyperparams/h24/24_-ehd_256_-sed_128.out,0.6272,0.662,0.2932,0.283,2
/watson/data/ml/results/cbt-hyperparams/h14/14_-rsd_3_-ehd_384_-sed_128.out,0.334,0.348,0.1644,0.1555,0
/watson/data/ml/results/cbt-hyperparams/h52/52_-b_64_-ehd_384_-sed_128.out,0.6148,0.6605,0.2896,0.2855,3
/watson/data/ml/results/cbt-hyperparams/h65/65_-ehd_384_-sed_384.out,0.624,0.6835,0.2588,0.2745,3
/watson/data/ml/results/cbt-hyperparams/h5/5_-rsd_2_-ehd_384_-sed_128.out,0.5844,0.6515,0.1664,0.1675,3
/watson/data/ml/results/cbt-hyperparams/h11/11_-ehd_384_-sed_384.out,0.6444,0.679,0.2608,0.274,2
/watson/data/ml/results/cbt-hyperparams/h147/147_-erw_0.0001_-ehd_384_-sed_128.out,0.6276,0.681,0.292,0.2895,2
/watson/data/ml/results/cbt-hyperparams/h107/107_-b_64_-ehd_384_-sed_128.out,0.6212,0.668,0.2896,0.288,3
/watson/data/ml/results/cbt-hyperparams/h35/35_-aoa_True_-ehd_384_-sed_128.out,0.6272,0.6755,0.2856,0.285,2
/watson/data/ml/results/cbt-hyperparams/h118/118_-rsd_2_-ehd_384_-sed_128.out,0.3372,0.354,0.1636,0.1715,1
/watson/data/ml/results/cbt-hyperparams/h95/95_-rsd_3_-ehd_384_-sed_128.out,0.156,0.1625,0.1588,0.157,0
/watson/data/ml/results/cbt-hyperparams/h27/27_-qice_True_-ehd_384_-sed_128.out,0.6328,0.6755,0.276,0.275,2
/watson/data/ml/results/cbt-hyperparams/h31/31_-bi_True_-ehd_384_-sed_128.out,0.6192,0.658,0.2752,0.2835,2
/watson/data/ml/results/cbt-hyperparams/h57/57_-aoa_True_-ehd_384_-sed_128.out,0.6244,0.6845,0.286,0.2865,2
/watson/data/ml/results/cbt-hyperparams/h60/60_-rsd_3_-ehd_384_-sed_128.out,0.1952,0.183,0.1676,0.1575,0
/watson/data/ml/results/cbt-hyperparams/h133/133_-ehd_256_-sed_128.out,0.6284,0.668,0.2932,0.284,3
/watson/data/ml/results/cbt-hyperparams/h117/117_-rsd_2_-ehd_384_-sed_128.out,0.5364,0.57,0.162,0.1735,0
/watson/data/ml/results/cbt-hyperparams/h127/127_-ehd_256_-sed_128.out,0.6252,0.665,0.2928,0.284,2
/watson/data/ml/results/cbt-hyperparams/h81/81_-b_16_-ehd_384_-sed_128.out,0.624,0.679,0.292,0.288,2
/watson/data/ml/results/cbt-hyperparams/h130/130_-ehd_128_-sed_128.out,0.6168,0.668,0.292,0.2825,2
/watson/data/ml/results/cbt-hyperparams/h39/39_-erw_0.0001_-ehd_384_-sed_128.out,0.6284,0.67,0.2904,0.2885,2
/watson/data/ml/results/cbt-hyperparams/h153/153_-b_64_-ehd_384_-sed_128.out,0.6348,0.67,0.2888,0.289,3
/watson/data/ml/results/cbt-hyperparams/h104/104_-ehd_384_-sed_384.out,0.632,0.6725,0.264,0.273,2
/watson/data/ml/results/cbt-hyperparams/h75/75_-ehd_128_-sed_128.out,0.6156,0.66,0.2948,0.284,2
/watson/data/ml/results/cbt-hyperparams/h20/20_-ehd_256_-sed_128.out,0.6356,0.6695,0.294,0.282,3
/watson/data/ml/results/cbt-hyperparams/h114/114_-rsd_2_-ehd_384_-sed_128.out,0.466,0.497,0.166,0.167,0
/watson/data/ml/results/cbt-hyperparams/h137/137_-bi_True_-ehd_384_-sed_128.out,0.61,0.662,0.2756,0.28,2
/watson/data/ml/results/cbt-hyperparams/h69/69_-ehd_384_-sed_384.out,0.6444,0.6895,0.2648,0.277,2
/watson/data/ml/results/cbt-hyperparams/h96/96_-erw_0.0001_-ehd_384_-sed_128.out,0.6368,0.6815,0.2928,0.2905,3
/watson/data/ml/results/cbt-hyperparams/h55/55_-b_16_-ehd_384_-sed_128.out,0.6244,0.679,0.29,0.2895,2
/watson/data/ml/results/cbt-hyperparams/h119/119_-rsd_3_-ehd_384_-sed_128.out,0.308,0.3235,0.1668,0.158,0
/watson/data/ml/results/cbt-hyperparams/h124/124_-ehd_384_-sed_384.out,0.6292,0.677,0.2628,0.269,2
/watson/data/ml/results/cbt-hyperparams/h80/80_-ehd_256_-sed_128.out,0.636,0.6655,0.2936,0.2855,3
/watson/data/ml/results/cbt-hyperparams/h10/10_-ehd_384_-sed_384.out,0.6408,0.6865,0.2648,0.2745,2
/watson/data/ml/results/cbt-hyperparams/h99/99_-erw_0.0001_-ehd_384_-sed_128.out,0.628,0.682,0.2912,0.2885,2
/watson/data/ml/results/cbt-hyperparams/h161/161_-b_16_-ehd_384_-sed_128.out,0.6132,0.6835,0.2932,0.2885,2
/watson/data/ml/results/cbt-hyperparams/h158/158_-b_16_-ehd_384_-sed_128.out,0.6264,0.684,0.2892,0.289,1
/watson/data/ml/results/cbt-hyperparams/h47/47_-b_64_-ehd_384_-sed_128.out,0.6276,0.664,0.2884,0.287,3
/watson/data/ml/results/cbt-hyperparams/h86/86_-aoa_True_-ehd_384_-sed_128.out,0.6464,0.6805,0.288,0.287,2
/watson/data/ml/results/cbt-hyperparams/h97/97_-erw_0.0001_-ehd_384_-sed_128.out,0.6304,0.6735,0.2924,0.2895,2
/watson/data/ml/results/cbt-hyperparams/h112/112_-b_16_-ehd_384_-sed_128.out,0.6404,0.6855,0.2908,0.288,1
/watson/data/ml/results/cbt-hyperparams/h125/125_-ehd_128_-sed_128.out,0.6292,0.673,0.2988,0.2845,3
/watson/data/ml/results/cbt-hyperparams/h66/66_-rsd_3_-ehd_384_-sed_128.out,0.1688,0.162,0.1688,0.162,0
/watson/data/ml/results/cbt-hyperparams/h122/122_-rsd_3_-ehd_384_-sed_128.out,0.1892,0.214,0.17,0.153,0
/watson/data/ml/results/cbt-hyperparams/h139/139_-bi_True_-ehd_384_-sed_128.out,0.6236,0.658,0.2788,0.2815,1
/watson/data/ml/results/cbt-hyperparams/h94/94_-aoa_True_-ehd_384_-sed_128.out,0.6316,0.6805,0.2872,0.2845,2
/watson/data/ml/results/cbt-hyperparams/h62/62_-rsd_2_-ehd_384_-sed_128.out,0.3312,0.361,0.166,0.171,1
/watson/data/ml/results/cbt-hyperparams/h1/1_-rsd_2_-ehd_384_-sed_128.out,0.4548,0.5075,0.1696,0.171,0
/watson/data/ml/results/cbt-hyperparams/h157/157_-b_64_-ehd_384_-sed_128.out,0.6356,0.6745,0.2908,0.2865,3
/watson/data/ml/results/cbt-hyperparams/h49/49_-b_64_-ehd_384_-sed_128.out,0.6268,0.668,0.2904,0.289,3
/watson/data/ml/results/cbt-hyperparams/h138/138_-qice_True_-ehd_384_-sed_128.out,0.6264,0.6755,0.2772,0.274,3
/watson/data/ml/results/cbt-hyperparams/h82/82_-qice_True_-ehd_384_-sed_128.out,0.6304,0.682,0.2792,0.273,3
/watson/data/ml/results/cbt-hyperparams/h105/105_-b_16_-ehd_384_-sed_128.out,0.6024,0.669,0.2904,0.2875,2
/watson/data/ml/results/cbt-hyperparams/h154/154_-b_64_-ehd_384_-sed_128.out,0.6132,0.663,0.2908,0.2895,2
/watson/data/ml/results/cbt-hyperparams/h59/59_-rsd_2_-ehd_384_-sed_128.out,0.48,0.4705,0.168,0.176,0
/watson/data/ml/results/cbt-hyperparams/h108/108_-b_64_-ehd_384_-sed_128.out,0.6328,0.672,0.2936,0.2875,3
/watson/data/ml/results/cbt-hyperparams/h13/13_-ehd_128_-sed_128.out,0.6036,0.662,0.2948,0.2845,3
/watson/data/ml/results/cbt-hyperparams/h21/21_-ehd_128_-sed_128.out,0.6156,0.6635,0.2952,0.283,2
/watson/data/ml/results/cbt-dist/1794/1794_-ehd_384_-sed_128.out,0.6352,0.6855,0.2912,0.2865,3
/watson/data/ml/results/cbt-dist/104/104_-ehd_384_-sed_128.out,0.6256,0.674,0.2916,0.2865,2
/watson/data/ml/results/cbt-dist/32/32_-ehd_384_-sed_128.out,0.632,0.671,0.2916,0.288,2
/watson/data/ml/results/cbt-dist/1844/1844_-ehd_384_-sed_128.out,0.6324,0.6705,0.2924,0.288,2
/watson/data/ml/results/cbt-dist/1796/1796_-ehd_384_-sed_128.out,0.6348,0.6755,0.2916,0.2875,3
/watson/data/ml/results/cbt-dist/1774/1774_-ehd_384_-sed_128.out,0.6352,0.669,0.2912,0.2875,2
/watson/data/ml/results/cbt-dist/1977/1977_-ehd_384_-sed_128.out,0.6316,0.682,0.2928,0.288,3
/watson/data/ml/results/cbt-dist/1883/1883_-ehd_384_-sed_128.out,0.6452,0.6905,0.292,0.287,3
/watson/data/ml/results/cbt-dist/1902/1902_-ehd_384_-sed_128.out,0.634,0.677,0.2896,0.2895,2
/watson/data/ml/results/cbt-dist/92/92_-ehd_384_-sed_128.out,0.6316,0.6795,0.2904,0.289,3
/watson/data/ml/results/cbt-dist/128/128_-ehd_384_-sed_128.out,0.6244,0.6715,0.2924,0.288,2
/watson/data/ml/results/cbt-dist/1838/1838_-ehd_384_-sed_128.out,0.6368,0.6755,0.29,0.291,3
/watson/data/ml/results/cbt-dist/162/162_-ehd_384_-sed_128.out,0.6436,0.675,0.2884,0.2875,3
/watson/data/ml/results/cbt-dist/111/111_-ehd_384_-sed_128.out,0.6304,0.677,0.2904,0.2905,3
/watson/data/ml/results/cbt-dist/139/139_-ehd_384_-sed_128.out,0.62,0.6775,0.29,0.2875,2
/watson/data/ml/results/cbt-dist/1823/1823_-ehd_384_-sed_128.out,0.6284,0.6755,0.2912,0.287,3
/watson/data/ml/results/cbt-dist/1863/1863_-ehd_384_-sed_128.out,0.6144,0.6725,0.2908,0.2885,2
/watson/data/ml/results/cbt-dist/1803/1803_-ehd_384_-sed_128.out,0.6304,0.67,0.2896,0.287,2
/watson/data/ml/results/cbt-dist/88/88_-ehd_384_-sed_128.out,0.6416,0.675,0.2924,0.287,2
/watson/data/ml/results/cbt-dist/1995/1995_-ehd_384_-sed_128.out,0.6356,0.6815,0.29,0.2905,3
/watson/data/ml/results/cbt-dist/1875/1875_-ehd_384_-sed_128.out,0.6116,0.665,0.2912,0.2885,4
/watson/data/ml/results/cbt-dist/44/44_-ehd_384_-sed_128.out,0.6408,0.6845,0.2884,0.29,3
/watson/data/ml/results/cbt-dist/1797/1797_-ehd_384_-sed_128.out,0.6216,0.6755,0.2908,0.288,2
/watson/data/ml/results/cbt-dist/82/82_-ehd_384_-sed_128.out,0.6336,0.671,0.2932,0.2905,3
/watson/data/ml/results/cbt-dist/93/93_-ehd_384_-sed_128.out,0.6328,0.672,0.2948,0.2865,2
/watson/data/ml/results/cbt-dist/64/64_-ehd_384_-sed_128.out,0.622,0.677,0.2908,0.288,3
/watson/data/ml/results/cbt-dist/19/19_-ehd_384_-sed_128.out,0.616,0.665,0.2884,0.2865,1
/watson/data/ml/results/cbt-dist/1840/1840_-ehd_384_-sed_128.out,0.6332,0.6795,0.2888,0.2885,3
/watson/data/ml/results/cbt-dist/1767/1767_-ehd_384_-sed_128.out,0.6304,0.678,0.288,0.288,3
/watson/data/ml/results/cbt-dist/102/102_-ehd_384_-sed_128.out,0.6424,0.678,0.2904,0.2895,3
/watson/data/ml/results/cbt-dist/136/136_-ehd_384_-sed_128.out,0.644,0.6825,0.2916,0.2875,3
/watson/data/ml/results/cbt-dist/1770/1770_-ehd_384_-sed_128.out,0.632,0.678,0.29,0.2875,3
/watson/data/ml/results/cbt-dist/51/51_-ehd_384_-sed_128.out,0.6208,0.6765,0.29,0.287,3
/watson/data/ml/results/cbt-dist/1877/1877_-ehd_384_-sed_128.out,0.6304,0.677,0.2896,0.2885,3
/watson/data/ml/results/cbt-dist/10/10_-ehd_384_-sed_128.out,0.6396,0.6725,0.288,0.2875,3
/watson/data/ml/results/cbt-dist/146/146_-ehd_384_-sed_128.out,0.6104,0.6775,0.2884,0.2885,3
/watson/data/ml/results/cbt-dist/24/24_-ehd_384_-sed_128.out,0.6196,0.669,0.292,0.2935,3
/watson/data/ml/results/cbt-dist/121/121_-ehd_384_-sed_128.out,0.6268,0.6725,0.2928,0.289,2
/watson/data/ml/results/cbt-dist/28/28_-ehd_384_-sed_128.out,0.6368,0.68,0.29,0.2855,3
/watson/data/ml/results/cbt-dist/23/23_-ehd_384_-sed_128.out,0.6404,0.675,0.2908,0.2875,3
/watson/data/ml/results/cbt-dist/113/113_-ehd_384_-sed_128.out,0.644,0.6765,0.2916,0.2875,2
/watson/data/ml/results/cbt-dist/1897/1897_-ehd_384_-sed_128.out,0.6444,0.676,0.2904,0.29,3
/watson/data/ml/results/cbt-dist/130/130_-ehd_384_-sed_128.out,0.6388,0.687,0.2912,0.287,3
/watson/data/ml/results/cbt-dist/1965/1965_-ehd_384_-sed_128.out,0.6308,0.6735,0.2924,0.2895,2
/watson/data/ml/results/cbt-dist/1825/1825_-ehd_384_-sed_128.out,0.6372,0.681,0.2932,0.289,2
/watson/data/ml/results/cbt-dist/153/153_-ehd_384_-sed_128.out,0.6464,0.6725,0.2924,0.2885,3
/watson/data/ml/results/cbt-dist/1798/1798_-ehd_384_-sed_128.out,0.6216,0.6695,0.2904,0.2895,1
/watson/data/ml/results/cbt-dist/148/148_-ehd_384_-sed_128.out,0.6384,0.671,0.2888,0.289,3
/watson/data/ml/results/cbt-dist/1984/1984_-ehd_384_-sed_128.out,0.6208,0.679,0.2912,0.288,2
/watson/data/ml/results/cbt-dist/1828/1828_-ehd_384_-sed_128.out,0.6284,0.6775,0.2924,0.291,2
/watson/data/ml/results/cbt-dist/90/90_-ehd_384_-sed_128.out,0.6356,0.674,0.2948,0.2885,2
/watson/data/ml/results/cbt-dist/141/141_-ehd_384_-sed_128.out,0.6272,0.68,0.2904,0.29,3
/watson/data/ml/results/cbt-dist/1867/1867_-ehd_384_-sed_128.out,0.6388,0.6745,0.2896,0.29,3
/watson/data/ml/results/cbt-dist/1899/1899_-ehd_384_-sed_128.out,0.6448,0.6775,0.2908,0.2875,3
/watson/data/ml/results/cbt-dist/12/12_-ehd_384_-sed_128.out,0.6288,0.668,0.2916,0.2885,2
/watson/data/ml/results/cbt-dist/1874/1874_-ehd_384_-sed_128.out,0.638,0.6715,0.2932,0.2865,3
/watson/data/ml/results/cbt-dist/49/49_-ehd_384_-sed_128.out,0.638,0.6795,0.2876,0.29,3
/watson/data/ml/results/cbt-dist/156/156_-ehd_384_-sed_128.out,0.6312,0.6775,0.288,0.289,2
/watson/data/ml/results/cbt-dist/165/165_-ehd_384_-sed_128.out,0.6212,0.672,0.2892,0.2895,2
/watson/data/ml/results/cbt-dist/1799/1799_-ehd_384_-sed_128.out,0.6436,0.676,0.2932,0.288,3
/watson/data/ml/results/cbt-dist/167/167_-ehd_384_-sed_128.out,0.6184,0.676,0.2912,0.2895,2
/watson/data/ml/results/cbt-dist/1865/1865_-ehd_384_-sed_128.out,0.6408,0.682,0.29,0.29,3
/watson/data/ml/results/cbt-dist/151/151_-ehd_384_-sed_128.out,0.6232,0.679,0.2916,0.288,2
/watson/data/ml/results/cbt-dist/1849/1849_-ehd_384_-sed_128.out,0.6424,0.6735,0.2912,0.288,3
/watson/data/ml/results/cbt-dist/2/2_-ehd_384_-sed_128.out,0.6496,0.683,0.2908,0.288,3
/watson/data/ml/results/cbt-dist/1836/1836_-ehd_384_-sed_128.out,0.6404,0.6805,0.29,0.289,2
/watson/data/ml/results/cbt-dist/1860/1860_-ehd_384_-sed_128.out,0.6388,0.678,0.2884,0.29,2
/watson/data/ml/results/cbt-dist/1762/1762_-ehd_384_-sed_128.out,0.6132,0.677,0.2904,0.2875,3
/watson/data/ml/results/cbt-dist/1994/1994_-ehd_384_-sed_128.out,0.6464,0.6705,0.2908,0.287,3
/watson/data/ml/results/cbt-dist/94/94_-ehd_384_-sed_128.out,0.6476,0.6755,0.2924,0.286,3
/watson/data/ml/results/cbt-dist/40/40_-ehd_384_-sed_128.out,0.628,0.6765,0.2916,0.288,3
/watson/data/ml/results/cbt-dist/16/16_-ehd_384_-sed_128.out,0.6164,0.6825,0.2904,0.2865,3
/watson/data/ml/results/cbt-dist/78/78_-ehd_384_-sed_128.out,0.6308,0.668,0.2904,0.2905,2
/watson/data/ml/results/cbt-dist/1888/1888_-ehd_384_-sed_128.out,0.626,0.676,0.2896,0.289,2
/watson/data/ml/results/cbt-dist/1999/1999_-ehd_384_-sed_128.out,0.5988,0.621,0.2904,0.286,1
/watson/data/ml/results/cbt-dist/1826/1826_-ehd_384_-sed_128.out,0.6264,0.692,0.2908,0.2895,2
/watson/data/ml/results/cbt-dist/133/133_-ehd_384_-sed_128.out,0.6388,0.68,0.2924,0.2875,3
/watson/data/ml/results/cbt-dist/119/119_-ehd_384_-sed_128.out,0.6432,0.672,0.2924,0.287,3
/watson/data/ml/results/cbt-dist/1820/1820_-ehd_384_-sed_128.out,0.6316,0.672,0.2876,0.2885,2
/watson/data/ml/results/cbt-dist/61/61_-ehd_384_-sed_128.out,0.6316,0.677,0.2896,0.2885,2
/watson/data/ml/results/cbt-dist/1824/1824_-ehd_384_-sed_128.out,0.6324,0.6705,0.2884,0.288,3
/watson/data/ml/results/cbt-dist/1964/1964_-ehd_384_-sed_128.out,0.6348,0.6795,0.29,0.2895,3
/watson/data/ml/results/cbt-dist/1990/1990_-ehd_384_-sed_128.out,0.6348,0.666,0.2892,0.289,3
/watson/data/ml/results/cbt-dist/1870/1870_-ehd_384_-sed_128.out,0.6252,0.6795,0.292,0.291,2
/watson/data/ml/results/cbt-dist/62/62_-ehd_384_-sed_128.out,0.6468,0.6705,0.2916,0.2885,3
/watson/data/ml/results/cbt-dist/127/127_-ehd_384_-sed_128.out,0.6332,0.674,0.2924,0.29,3
/watson/data/ml/results/cbt-dist/178/178_-ehd_384_-sed_128.out,0.634,0.6815,0.2904,0.288,3
/watson/data/ml/results/cbt-dist/1783/1783_-ehd_384_-sed_128.out,0.6296,0.6775,0.2924,0.2875,3
/watson/data/ml/results/cbt-dist/1855/1855_-ehd_384_-sed_128.out,0.6392,0.6775,0.292,0.288,3
/watson/data/ml/results/cbt-dist/6/6_-ehd_384_-sed_128.out,0.6276,0.6725,0.2924,0.2875,3
/watson/data/ml/results/cbt-dist/1904/1904_-ehd_384_-sed_128.out,0.6284,0.6775,0.2924,0.287,2
/watson/data/ml/results/cbt-dist/1975/1975_-ehd_384_-sed_128.out,0.6196,0.67,0.292,0.288,2
/watson/data/ml/results/cbt-dist/1773/1773_-ehd_384_-sed_128.out,0.6416,0.678,0.2884,0.289,2
/watson/data/ml/results/cbt-dist/11/11_-ehd_384_-sed_128.out,0.6308,0.6725,0.288,0.289,2
/watson/data/ml/results/cbt-dist/1993/1993_-ehd_384_-sed_128.out,0.6292,0.677,0.2904,0.287,3
/watson/data/ml/results/cbt-dist/1998/1998_-ehd_384_-sed_128.out,0.6452,0.678,0.2892,0.287,3
/watson/data/ml/results/cbt-dist/42/42_-ehd_384_-sed_128.out,0.6168,0.675,0.292,0.2885,2
/watson/data/ml/results/cbt-dist/172/172_-ehd_384_-sed_128.out,0.6352,0.684,0.2916,0.288,2
/watson/data/ml/results/cbt-dist/1881/1881_-ehd_384_-sed_128.out,0.6228,0.6785,0.2888,0.288,1
/watson/data/ml/results/cbt-dist/114/114_-ehd_384_-sed_128.out,0.634,0.6815,0.2896,0.2875,3
/watson/data/ml/results/cbt-dist/5/5_-ehd_384_-sed_128.out,0.6436,0.67,0.2908,0.2895,3
/watson/data/ml/results/cbt-dist/1806/1806_-ehd_384_-sed_128.out,0.6196,0.674,0.2904,0.2895,2
/watson/data/ml/results/cbt-dist/1784/1784_-ehd_384_-sed_128.out,0.6324,0.679,0.2896,0.2895,3
/watson/data/ml/results/cbt-dist/1887/1887_-ehd_384_-sed_128.out,0.6304,0.6825,0.2912,0.2895,2
/watson/data/ml/results/cbt-dist/41/41_-ehd_384_-sed_128.out,0.6256,0.6715,0.292,0.289,2
/watson/data/ml/results/cbt-dist/1832/1832_-ehd_384_-sed_128.out,0.6204,0.671,0.2928,0.288,2
/watson/data/ml/results/cbt-dist/1868/1868_-ehd_384_-sed_128.out,0.642,0.6805,0.2892,0.288,3
/watson/data/ml/results/cbt-dist/140/140_-ehd_384_-sed_128.out,0.63,0.6755,0.2916,0.2895,2
/watson/data/ml/results/cbt-dist/46/46_-ehd_384_-sed_128.out,0.628,0.6745,0.2904,0.2865,2
/watson/data/ml/results/cbt-dist/1792/1792_-ehd_384_-sed_128.out,0.6272,0.675,0.2896,0.2905,3
/watson/data/ml/results/cbt-dist/81/81_-ehd_384_-sed_128.out,0.6308,0.6805,0.2896,0.2875,2
/watson/data/ml/results/cbt-dist/99/99_-ehd_384_-sed_128.out,0.6376,0.6865,0.2888,0.2895,3
/watson/data/ml/results/cbt-dist/105/105_-ehd_384_-sed_128.out,0.6276,0.6795,0.2872,0.2895,3
/watson/data/ml/results/cbt-dist/98/98_-ehd_384_-sed_128.out,0.6216,0.6725,0.2904,0.2885,2
/watson/data/ml/results/cbt-dist/1778/1778_-ehd_384_-sed_128.out,0.64,0.6815,0.29,0.2885,3
/watson/data/ml/results/cbt-dist/33/33_-ehd_384_-sed_128.out,0.6316,0.686,0.2944,0.288,3
/watson/data/ml/results/cbt-dist/155/155_-ehd_384_-sed_128.out,0.6452,0.688,0.2912,0.2895,3
/watson/data/ml/results/cbt-dist/1969/1969_-ehd_384_-sed_128.out,0.6332,0.677,0.2888,0.2895,3
/watson/data/ml/results/cbt-dist/36/36_-ehd_384_-sed_128.out,0.6456,0.685,0.292,0.29,3
/watson/data/ml/results/cbt-dist/59/59_-ehd_384_-sed_128.out,0.644,0.677,0.2888,0.2855,3
/watson/data/ml/results/cbt-dist/1814/1814_-ehd_384_-sed_128.out,0.6284,0.6745,0.2908,0.2865,2
/watson/data/ml/results/cbt-dist/79/79_-ehd_384_-sed_128.out,0.63,0.668,0.2932,0.2885,3
/watson/data/ml/results/cbt-dist/96/96_-ehd_384_-sed_128.out,0.638,0.6815,0.2924,0.2875,2
/watson/data/ml/results/cbt-dist/1858/1858_-ehd_384_-sed_128.out,0.6344,0.667,0.2916,0.288,2
/watson/data/ml/results/cbt-dist/63/63_-ehd_384_-sed_128.out,0.6224,0.677,0.2896,0.288,2
/watson/data/ml/results/cbt-dist/1847/1847_-ehd_384_-sed_128.out,0.6288,0.6785,0.2908,0.288,3
/watson/data/ml/results/cbt-dist/120/120_-ehd_384_-sed_128.out,0.6236,0.6725,0.2904,0.289,2
/watson/data/ml/results/cbt-dist/1972/1972_-ehd_384_-sed_128.out,0.6384,0.6685,0.2892,0.289,3
/watson/data/ml/results/cbt-dist/1787/1787_-ehd_384_-sed_128.out,0.6192,0.6715,0.2896,0.287,3
/watson/data/ml/results/cbt-dist/7/7_-ehd_384_-sed_128.out,0.628,0.6775,0.29,0.29,3
/watson/data/ml/results/cbt-dist/37/37_-ehd_384_-sed_128.out,0.6384,0.674,0.2908,0.287,3
/watson/data/ml/results/cbt-dist/1521/1521_-ehd_384_-sed_128.out,0.632,0.6595,0.288,0.2895,3
/watson/data/ml/results/cbt-dist/129/129_-ehd_384_-sed_128.out,0.634,0.685,0.2924,0.288,3
/watson/data/ml/results/cbt-dist/1966/1966_-ehd_384_-sed_128.out,0.6228,0.6715,0.2904,0.288,2
/watson/data/ml/results/cbt-dist/1853/1853_-ehd_384_-sed_128.out,0.6356,0.6815,0.2888,0.289,3
/watson/data/ml/results/cbt-dist/160/160_-ehd_384_-sed_128.out,0.6288,0.6765,0.2896,0.29,2
/watson/data/ml/results/cbt-dist/1768/1768_-ehd_384_-sed_128.out,0.6392,0.6795,0.2884,0.2895,3
/watson/data/ml/results/cbt-dist/1809/1809_-ehd_384_-sed_128.out,0.6284,0.673,0.292,0.2865,2
/watson/data/ml/results/cbt-dist/185/185_-ehd_384_-sed_128.out,0.6456,0.6795,0.2896,0.288,3
/watson/data/ml/results/cbt-dist/1967/1967_-ehd_384_-sed_128.out,0.6116,0.6695,0.29,0.2895,3
/watson/data/ml/results/cbt-dist/147/147_-ehd_384_-sed_128.out,0.6336,0.6835,0.292,0.2875,2
/watson/data/ml/results/cbt-dist/1900/1900_-ehd_384_-sed_128.out,0.6344,0.6785,0.29,0.288,3
/watson/data/ml/results/cbt-dist/1983/1983_-ehd_384_-sed_128.out,0.63,0.671,0.2892,0.288,3
/watson/data/ml/results/cbt-dist/103/103_-ehd_384_-sed_128.out,0.6408,0.681,0.292,0.29,3
/watson/data/ml/results/cbt-dist/1759/1759_-ehd_384_-sed_128.out,0.6384,0.678,0.2896,0.2905,3
/watson/data/ml/results/cbt-dist/71/71_-ehd_384_-sed_128.out,0.6216,0.675,0.2888,0.2885,2
/watson/data/ml/results/cbt-dist/1991/1991_-ehd_384_-sed_128.out,0.6368,0.677,0.2908,0.2855,3
/watson/data/ml/results/cbt-dist/164/164_-ehd_384_-sed_128.out,0.6412,0.673,0.29,0.2905,3
/watson/data/ml/results/cbt-dist/72/72_-ehd_384_-sed_128.out,0.6208,0.6785,0.2908,0.288,2
/watson/data/ml/results/cbt-dist/100/100_-ehd_384_-sed_128.out,0.6332,0.667,0.2892,0.291,3
/watson/data/ml/results/cbt-dist/60/60_-ehd_384_-sed_128.out,0.626,0.6755,0.2904,0.2885,2
/watson/data/ml/results/cbt-dist/108/108_-ehd_384_-sed_128.out,0.6216,0.68,0.2936,0.2885,2
/watson/data/ml/results/cbt-dist/68/68_-ehd_384_-sed_128.out,0.6452,0.6915,0.2904,0.2895,3
/watson/data/ml/results/cbt-dist/107/107_-ehd_384_-sed_128.out,0.6352,0.678,0.2888,0.289,3
/watson/data/ml/results/cbt-dist/175/175_-ehd_384_-sed_128.out,0.6192,0.673,0.2884,0.287,2
/watson/data/ml/results/cbt-dist/1891/1891_-ehd_384_-sed_128.out,0.6204,0.673,0.2892,0.289,3
/watson/data/ml/results/cbt-dist/8/8_-ehd_384_-sed_128.out,0.616,0.6855,0.288,0.288,3
/watson/data/ml/results/cbt-dist/1878/1878_-ehd_384_-sed_128.out,0.632,0.6795,0.29,0.2885,2
/watson/data/ml/results/cbt-dist/1830/1830_-ehd_384_-sed_128.out,0.6328,0.6895,0.2932,0.2885,3
/watson/data/ml/results/cbt-dist/1974/1974_-ehd_384_-sed_128.out,0.6264,0.68,0.2924,0.286,3
/watson/data/ml/results/cbt-dist/1997/1997_-ehd_384_-sed_128.out,0.6456,0.6765,0.2948,0.289,3
/watson/data/ml/results/cbt-dist/123/123_-ehd_384_-sed_128.out,0.6268,0.685,0.2916,0.2885,2
/watson/data/ml/results/cbt-dist/1879/1879_-ehd_384_-sed_128.out,0.63,0.677,0.2924,0.2865,2
/watson/data/ml/results/cbt-dist/26/26_-ehd_384_-sed_128.out,0.634,0.6745,0.2884,0.2895,3
/watson/data/ml/results/cbt-dist/1793/1793_-ehd_384_-sed_128.out,0.6404,0.6785,0.2932,0.289,3
/watson/data/ml/results/cbt-dist/1795/1795_-ehd_384_-sed_128.out,0.6344,0.679,0.292,0.287,2
/watson/data/ml/results/cbt-dist/106/106_-ehd_384_-sed_128.out,0.6412,0.6785,0.29,0.2895,2
/watson/data/ml/results/cbt-dist/1971/1971_-ehd_384_-sed_128.out,0.6336,0.6785,0.2932,0.288,2
/watson/data/ml/results/cbt-dist/76/76_-ehd_384_-sed_128.out,0.6284,0.682,0.2904,0.287,3
/watson/data/ml/results/cbt-dist/66/66_-ehd_384_-sed_128.out,0.6296,0.68,0.2884,0.288,3
/watson/data/ml/results/cbt-dist/166/166_-ehd_384_-sed_128.out,0.6308,0.6725,0.2912,0.289,2
/watson/data/ml/results/cbt-dist/1764/1764_-ehd_384_-sed_128.out,0.6268,0.671,0.2916,0.2875,2
/watson/data/ml/results/cbt-dist/1988/1988_-ehd_384_-sed_128.out,0.63,0.681,0.2904,0.289,2
/watson/data/ml/results/cbt-dist/1807/1807_-ehd_384_-sed_128.out,0.6352,0.6775,0.2908,0.2885,2
/watson/data/ml/results/cbt-dist/58/58_-ehd_384_-sed_128.out,0.6404,0.683,0.2884,0.287,3
/watson/data/ml/results/cbt-dist/1848/1848_-ehd_384_-sed_128.out,0.6368,0.672,0.2904,0.289,2
/watson/data/ml/results/cbt-dist/1818/1818_-ehd_384_-sed_128.out,0.6296,0.673,0.2924,0.291,2
/watson/data/ml/results/cbt-dist/168/168_-ehd_384_-sed_128.out,0.6412,0.676,0.2892,0.2875,3
/watson/data/ml/results/cbt-dist/179/179_-ehd_384_-sed_128.out,0.634,0.682,0.2908,0.2875,2
/watson/data/ml/results/cbt-dist/176/176_-ehd_384_-sed_128.out,0.636,0.677,0.2916,0.2895,2
/watson/data/ml/results/cbt-dist/1871/1871_-ehd_384_-sed_128.out,0.6316,0.6865,0.2912,0.289,3
/watson/data/ml/results/cbt-dist/56/56_-ehd_384_-sed_128.out,0.6292,0.679,0.2908,0.2905,2
/watson/data/ml/results/cbt-dist/143/143_-ehd_384_-sed_128.out,0.6316,0.668,0.2952,0.287,2
/watson/data/ml/results/cbt-dist/173/173_-ehd_384_-sed_128.out,0.6524,0.677,0.29,0.2885,3
/watson/data/ml/results/cbt-dist/13/13_-ehd_384_-sed_128.out,0.6348,0.671,0.2912,0.288,3
/watson/data/ml/results/cbt-dist/163/163_-ehd_384_-sed_128.out,0.6276,0.6795,0.2892,0.288,2
/watson/data/ml/results/cbt-dist/1831/1831_-ehd_384_-sed_128.out,0.6256,0.671,0.2892,0.2865,2
/watson/data/ml/results/cbt-dist/1801/1801_-ehd_384_-sed_128.out,0.6316,0.677,0.2916,0.287,3
/watson/data/ml/results/cbt-dist/1987/1987_-ehd_384_-sed_128.out,0.638,0.681,0.292,0.289,3
/watson/data/ml/results/cbt-dist/1833/1833_-ehd_384_-sed_128.out,0.6068,0.6765,0.2932,0.288,3
/watson/data/ml/results/cbt-dist/95/95_-ehd_384_-sed_128.out,0.6104,0.6755,0.2888,0.289,2
/watson/data/ml/results/cbt-dist/86/86_-ehd_384_-sed_128.out,0.6408,0.676,0.29,0.2885,3
/watson/data/ml/results/cbt-dist/1827/1827_-ehd_384_-sed_128.out,0.6376,0.6745,0.2932,0.288,3
/watson/data/ml/results/cbt-dist/55/55_-ehd_384_-sed_128.out,0.6296,0.679,0.2916,0.288,3
/watson/data/ml/results/cbt-dist/1889/1889_-ehd_384_-sed_128.out,0.6492,0.673,0.2916,0.288,3
/watson/data/ml/results/cbt-dist/144/144_-ehd_384_-sed_128.out,0.6384,0.6895,0.2908,0.2875,3
/watson/data/ml/results/cbt-dist/65/65_-ehd_384_-sed_128.out,0.6464,0.6755,0.29,0.288,3
/watson/data/ml/results/cbt-dist/1992/1992_-ehd_384_-sed_128.out,0.6176,0.691,0.2884,0.29,4
/watson/data/ml/results/cbt-dist/101/101_-ehd_384_-sed_128.out,0.6368,0.676,0.2936,0.29,3
/watson/data/ml/results/cbt-dist/1968/1968_-ehd_384_-sed_128.out,0.6356,0.6785,0.29,0.288,3
/watson/data/ml/results/cbt-dist/34/34_-ehd_384_-sed_128.out,0.6348,0.6825,0.2892,0.2865,2
/watson/data/ml/results/cbt-dist/1802/1802_-ehd_384_-sed_128.out,0.6428,0.6735,0.2912,0.288,3
/watson/data/ml/results/cbt-dist/30/30_-ehd_384_-sed_128.out,0.6244,0.6755,0.29,0.2885,2
/watson/data/ml/results/cbt-dist/20/20_-ehd_384_-sed_128.out,0.6408,0.686,0.2876,0.287,3
/watson/data/ml/results/cbt-dist/1839/1839_-ehd_384_-sed_128.out,0.6336,0.6815,0.2888,0.2885,3
/watson/data/ml/results/cbt-dist/1772/1772_-ehd_384_-sed_128.out,0.624,0.683,0.2896,0.2885,2
/watson/data/ml/results/cbt-dist/1989/1989_-ehd_384_-sed_128.out,0.6104,0.6775,0.2908,0.2905,3
/watson/data/ml/results/cbt-dist/1804/1804_-ehd_384_-sed_128.out,0.6284,0.6855,0.2884,0.2895,2
/watson/data/ml/results/cbt-dist/1834/1834_-ehd_384_-sed_128.out,0.644,0.681,0.2904,0.288,3
/watson/data/ml/results/cbt-dist/1816/1816_-ehd_384_-sed_128.out,0.63,0.674,0.288,0.29,2
/watson/data/ml/results/cbt-dist/1963/1963_-ehd_384_-sed_128.out,0.6292,0.674,0.2904,0.2895,2
/watson/data/ml/results/cbt-dist/1837/1837_-ehd_384_-sed_128.out,0.6304,0.6865,0.2936,0.2875,2
/watson/data/ml/results/cbt-dist/125/125_-ehd_384_-sed_128.out,0.6216,0.675,0.2892,0.2875,2
/watson/data/ml/results/cbt-dist/1811/1811_-ehd_384_-sed_128.out,0.6148,0.683,0.2912,0.2855,3
/watson/data/ml/results/cbt-dist/50/50_-ehd_384_-sed_128.out,0.6252,0.6735,0.2904,0.2895,3
/watson/data/ml/results/cbt-dist/1866/1866_-ehd_384_-sed_128.out,0.6164,0.672,0.2896,0.292,2
/watson/data/ml/results/cbt-dist/1777/1777_-ehd_384_-sed_128.out,0.6292,0.6805,0.2904,0.2875,2
/watson/data/ml/results/cbt-dist/14/14_-ehd_384_-sed_128.out,0.6348,0.675,0.29,0.2895,3
/watson/data/ml/results/cbt-dist/1786/1786_-ehd_384_-sed_128.out,0.6252,0.676,0.2928,0.2885,3
/watson/data/ml/results/cbt-dist/1882/1882_-ehd_384_-sed_128.out,0.6388,0.6715,0.292,0.288,3
/watson/data/ml/results/cbt-dist/1790/1790_-ehd_384_-sed_128.out,0.6308,0.6745,0.2908,0.29,2
/watson/data/ml/results/cbt-dist/1884/1884_-ehd_384_-sed_128.out,0.6392,0.688,0.2876,0.286,3
/watson/data/ml/results/cbt-dist/1873/1873_-ehd_384_-sed_128.out,0.6276,0.6755,0.2884,0.2865,2
/watson/data/ml/results/cbt-dist/74/74_-ehd_384_-sed_128.out,0.6328,0.672,0.2896,0.2885,3
/watson/data/ml/results/cbt-dist/1876/1876_-ehd_384_-sed_128.out,0.6308,0.673,0.2916,0.29,3
/watson/data/ml/results/cbt-dist/75/75_-ehd_384_-sed_128.out,0.6168,0.684,0.2872,0.2885,3
/watson/data/ml/results/cbt-dist/1812/1812_-ehd_384_-sed_128.out,0.6356,0.678,0.29,0.2865,2
/watson/data/ml/results/cbt-dist/77/77_-ehd_384_-sed_128.out,0.6132,0.667,0.2904,0.289,3
/watson/data/ml/results/cbt-dist/154/154_-ehd_384_-sed_128.out,0.6464,0.6765,0.2892,0.288,3
/watson/data/ml/results/cbt-dist/177/177_-ehd_384_-sed_128.out,0.6288,0.6845,0.2876,0.289,2
/watson/data/ml/results/cbt-dist/39/39_-ehd_384_-sed_128.out,0.6488,0.681,0.2908,0.2885,3
/watson/data/ml/results/cbt-dist/1861/1861_-ehd_384_-sed_128.out,0.6412,0.675,0.2916,0.2895,2
/watson/data/ml/results/cbt-dist/4/4_-ehd_384_-sed_128.out,0.6292,0.676,0.292,0.2895,2
/watson/data/ml/results/cbt-dist/1906/1906_-ehd_384_-sed_128.out,0.6528,0.672,0.29,0.2865,3
/watson/data/ml/results/cbt-dist/1970/1970_-ehd_384_-sed_128.out,0.622,0.6785,0.2908,0.288,2
/watson/data/ml/results/cbt-dist/1822/1822_-ehd_384_-sed_128.out,0.6328,0.671,0.2896,0.2885,2
/watson/data/ml/results/cbt-dist/1985/1985_-ehd_384_-sed_128.out,0.6416,0.671,0.2932,0.29,3
/watson/data/ml/results/cbt-dist/1857/1857_-ehd_384_-sed_128.out,0.6516,0.6755,0.292,0.288,3
/watson/data/ml/results/cbt-dist/53/53_-ehd_384_-sed_128.out,0.6324,0.679,0.2896,0.2895,3
/watson/data/ml/results/cbt-dist/131/131_-ehd_384_-sed_128.out,0.6432,0.67,0.2904,0.288,3
/watson/data/ml/results/cbt-dist/31/31_-ehd_384_-sed_128.out,0.6216,0.6715,0.2924,0.289,2
/watson/data/ml/results/cbt-dist/73/73_-ehd_384_-sed_128.out,0.6392,0.672,0.2872,0.2905,3
/watson/data/ml/results/cbt-dist/1776/1776_-ehd_384_-sed_128.out,0.6272,0.676,0.29,0.288,3
/watson/data/ml/results/cbt-dist/184/184_-ehd_384_-sed_128.out,0.6228,0.681,0.2904,0.2865,2
/watson/data/ml/results/cbt-dist/1780/1780_-ehd_384_-sed_128.out,0.6412,0.6755,0.2872,0.2875,3
/watson/data/ml/results/cbt-dist/1761/1761_-ehd_384_-sed_128.out,0.632,0.667,0.2912,0.2895,2
/watson/data/ml/results/cbt-dist/1782/1782_-ehd_384_-sed_128.out,0.6352,0.6775,0.2908,0.288,3
/watson/data/ml/results/cbt-dist/137/137_-ehd_384_-sed_128.out,0.6452,0.679,0.2912,0.2865,3
/watson/data/ml/results/cbt-dist/1976/1976_-ehd_384_-sed_128.out,0.6312,0.6855,0.2892,0.288,2
/watson/data/ml/results/cbt-dist/1791/1791_-ehd_384_-sed_128.out,0.6184,0.6675,0.292,0.288,2
/watson/data/ml/results/cbt-dist/1896/1896_-ehd_384_-sed_128.out,0.642,0.6795,0.2892,0.2865,3
/watson/data/ml/results/cbt-dist/158/158_-ehd_384_-sed_128.out,0.624,0.67,0.2912,0.2885,2
/watson/data/ml/results/cbt-dist/1864/1864_-ehd_384_-sed_128.out,0.6184,0.6785,0.2896,0.2885,3
/watson/data/ml/results/cbt-dist/1979/1979_-ehd_384_-sed_128.out,0.288,0.288,0.288,0.288,0
/watson/data/ml/results/cbt-dist/1785/1785_-ehd_384_-sed_128.out,0.6236,0.677,0.2916,0.2885,2
/watson/data/ml/results/cbt-dist/117/117_-ehd_384_-sed_128.out,0.6412,0.6825,0.2904,0.289,3
/watson/data/ml/results/cbt-dist/69/69_-ehd_384_-sed_128.out,0.6484,0.672,0.29,0.2905,3
/watson/data/ml/results/cbt-dist/1893/1893_-ehd_384_-sed_128.out,0.6196,0.6805,0.2908,0.288,2
/watson/data/ml/results/cbt-dist/27/27_-ehd_384_-sed_128.out,0.6184,0.689,0.294,0.288,3
/watson/data/ml/results/cbt-dist/1808/1808_-ehd_384_-sed_128.out,0.6332,0.6855,0.29,0.2905,2
/watson/data/ml/results/cbt-dist/150/150_-ehd_384_-sed_128.out,0.6192,0.6715,0.2924,0.29,2
/watson/data/ml/results/cbt-dist/1810/1810_-ehd_384_-sed_128.out,0.622,0.6705,0.2896,0.288,3
/watson/data/ml/results/cbt-dist/1980/1980_-ehd_384_-sed_128.out,0.6476,0.68,0.2916,0.2905,3
/watson/data/ml/results/cbt-dist/1895/1895_-ehd_384_-sed_128.out,0.6216,0.6865,0.29,0.2895,3
/watson/data/ml/results/cbt-dist/169/169_-ehd_384_-sed_128.out,0.6308,0.679,0.2864,0.29,2
/watson/data/ml/results/cbt-dist/126/126_-ehd_384_-sed_128.out,0.6288,0.679,0.2908,0.288,2
/watson/data/ml/results/cbt-dist/181/181_-ehd_384_-sed_128.out,0.63,0.669,0.2896,0.2875,2
/watson/data/ml/results/cbt-dist/57/57_-ehd_384_-sed_128.out,0.6148,0.673,0.2908,0.289,3
/watson/data/ml/results/cbt-dist/1819/1819_-ehd_384_-sed_128.out,0.6416,0.677,0.29,0.288,3
/watson/data/ml/results/cbt-dist/149/149_-ehd_384_-sed_128.out,0.638,0.68,0.2916,0.2885,3
/watson/data/ml/results/cbt-dist/1892/1892_-ehd_384_-sed_128.out,0.6348,0.6705,0.2932,0.2865,2
/watson/data/ml/results/cbt-dist/1905/1905_-ehd_384_-sed_128.out,0.6184,0.678,0.292,0.2885,2
/watson/data/ml/results/cbt-dist/1856/1856_-ehd_384_-sed_128.out,0.6424,0.674,0.292,0.289,3
/watson/data/ml/results/cbt-dist/1779/1779_-ehd_384_-sed_128.out,0.6372,0.671,0.2884,0.2895,3
/watson/data/ml/results/cbt-dist/1760/1760_-ehd_384_-sed_128.out,0.6316,0.673,0.2892,0.289,3
/watson/data/ml/results/cbt-dist/54/54_-ehd_384_-sed_128.out,0.6172,0.6825,0.2892,0.288,3
/watson/data/ml/results/cbt-dist/132/132_-ehd_384_-sed_128.out,0.6244,0.669,0.2928,0.287,3
/watson/data/ml/results/cbt-dist/142/142_-ehd_384_-sed_128.out,0.6352,0.6675,0.2876,0.2895,2
/watson/data/ml/results/cbt-dist/152/152_-ehd_384_-sed_128.out,0.6368,0.675,0.2908,0.2895,2
/watson/data/ml/results/cbt-dist/3/3_-ehd_384_-sed_128.out,0.6172,0.663,0.2912,0.2885,2
/watson/data/ml/results/cbt-dist/1766/1766_-ehd_384_-sed_128.out,0.6296,0.677,0.2936,0.2885,2
/watson/data/ml/results/cbt-dist/91/91_-ehd_384_-sed_128.out,0.6416,0.6855,0.29,0.2885,3
/watson/data/ml/results/cbt-dist/1978/1978_-ehd_384_-sed_128.out,0.6304,0.677,0.2916,0.291,3
/watson/data/ml/results/cbt-dist/1775/1775_-ehd_384_-sed_128.out,0.6384,0.671,0.2904,0.285,3
/watson/data/ml/results/cbt-dist/1903/1903_-ehd_384_-sed_128.out,0.638,0.673,0.2904,0.2885,3
/watson/data/ml/results/cbt-dist/118/118_-ehd_384_-sed_128.out,0.646,0.682,0.2892,0.289,3
/watson/data/ml/results/cbt-dist/1841/1841_-ehd_384_-sed_128.out,0.6084,0.676,0.292,0.2855,3
/watson/data/ml/results/cbt-dist/1813/1813_-ehd_384_-sed_128.out,0.6392,0.685,0.2912,0.288,3
/watson/data/ml/results/cbt-dist/1872/1872_-ehd_384_-sed_128.out,0.634,0.685,0.2908,0.289,3
/watson/data/ml/results/cbt-dist/1758/1758_-ehd_384_-sed_128.out,0.634,0.6725,0.2892,0.287,2
/watson/data/ml/results/cbt-dist/1854/1854_-ehd_384_-sed_128.out,0.6244,0.677,0.29,0.288,2
/watson/data/ml/results/cbt-dist/1805/1805_-ehd_384_-sed_128.out,0.6268,0.6765,0.29,0.288,2
/watson/data/ml/results/cbt-dist/38/38_-ehd_384_-sed_128.out,0.6356,0.6695,0.2904,0.2875,3
/watson/data/ml/results/cbt-dist/89/89_-ehd_384_-sed_128.out,0.6244,0.675,0.2916,0.289,2
/watson/data/ml/results/cbt-dist/182/182_-ehd_384_-sed_128.out,0.6128,0.673,0.2872,0.287,2
/watson/data/ml/results/cbt-dist/1829/1829_-ehd_384_-sed_128.out,0.6236,0.6765,0.29,0.288,2
/watson/data/ml/results/cbt-dist/134/134_-ehd_384_-sed_128.out,0.6244,0.676,0.2876,0.2895,2
/watson/data/ml/results/cbt-dist/161/161_-ehd_384_-sed_128.out,0.6296,0.6705,0.2912,0.288,3
/watson/data/ml/results/cbt-dist/1851/1851_-ehd_384_-sed_128.out,0.6396,0.6795,0.292,0.2875,3
/watson/data/ml/results/cbt-dist/157/157_-ehd_384_-sed_128.out,0.6124,0.672,0.2892,0.288,3
/watson/data/ml/results/cbt-dist/1815/1815_-ehd_384_-sed_128.out,0.6468,0.677,0.2876,0.288,3
/watson/data/ml/results/cbt-dist/110/110_-ehd_384_-sed_128.out,0.6352,0.6755,0.2932,0.289,3
/watson/data/ml/results/cbt-dist/1835/1835_-ehd_384_-sed_128.out,0.6316,0.673,0.2912,0.2895,2
/watson/data/ml/results/cbt-dist/1821/1821_-ehd_384_-sed_128.out,0.6372,0.6705,0.2912,0.29,3
/watson/data/ml/results/cbt-dist/15/15_-ehd_384_-sed_128.out,0.642,0.686,0.2924,0.2895,2
/watson/data/ml/results/cbt-dist/52/52_-ehd_384_-sed_128.out,0.628,0.675,0.2896,0.288,3
/watson/data/ml/results/cbt-dist/1789/1789_-ehd_384_-sed_128.out,0.634,0.6745,0.2904,0.2885,3
/watson/data/ml/results/cbt-dist/45/45_-ehd_384_-sed_128.out,0.61,0.6695,0.2924,0.2885,4
/watson/data/ml/results/cbt-dist/85/85_-ehd_384_-sed_128.out,0.6248,0.676,0.2916,0.288,2
/watson/data/ml/results/cbt-dist/1894/1894_-ehd_384_-sed_128.out,0.6264,0.68,0.29,0.2875,2
/watson/data/ml/results/cbt-dist/1800/1800_-ehd_384_-sed_128.out,0.6404,0.6785,0.2912,0.289,3
/watson/data/ml/results/cbt-dist/1843/1843_-ehd_384_-sed_128.out,0.6352,0.69,0.292,0.288,3
/watson/data/ml/results/cbt-dist/1/1_-ehd_384_-sed_128.out,0.6376,0.6775,0.2892,0.286,3
/watson/data/ml/results/cbt-dist/1817/1817_-ehd_384_-sed_128.out,0.6112,0.668,0.2904,0.2885,3
/watson/data/ml/results/cbt-dist/180/180_-ehd_384_-sed_128.out,0.6476,0.6755,0.29,0.2905,3
/watson/data/ml/results/cbt-dist/47/47_-ehd_384_-sed_128.out,0.62,0.669,0.2904,0.2875,2
/watson/data/ml/results/cbt-dist/1846/1846_-ehd_384_-sed_128.out,0.6332,0.676,0.2892,0.2885,2
/watson/data/ml/results/cbt-dist/1961/1961_-ehd_384_-sed_128.out,0.644,0.678,0.29,0.288,3
/watson/data/ml/results/cbt-dist/18/18_-ehd_384_-sed_128.out,0.6236,0.6765,0.2912,0.2865,2
/watson/data/ml/results/cbt-dist/122/122_-ehd_384_-sed_128.out,0.6452,0.674,0.2916,0.288,3
/watson/data/ml/results/cbt-dist/1842/1842_-ehd_384_-sed_128.out,0.6248,0.6755,0.2916,0.289,2
/watson/data/ml/results/cbt-dist/1859/1859_-ehd_384_-sed_128.out,0.636,0.673,0.2912,0.288,2
/watson/data/ml/results/cbt-dist/1901/1901_-ehd_384_-sed_128.out,0.638,0.674,0.2908,0.2865,3
/watson/data/ml/results/cbt-dist/116/116_-ehd_384_-sed_128.out,0.6328,0.6795,0.29,0.2885,2
/watson/data/ml/results/cbt-dist/1852/1852_-ehd_384_-sed_128.out,0.6336,0.678,0.2876,0.2875,3
/watson/data/ml/results/cbt-dist/115/115_-ehd_384_-sed_128.out,0.6344,0.6835,0.292,0.2875,3
/watson/data/ml/results/cbt-dist/84/84_-ehd_384_-sed_128.out,0.6308,0.6815,0.2896,0.289,3
/watson/data/ml/results/cbt-dist/1907/1907_-ehd_384_-sed_128.out,0.6112,0.6725,0.292,0.2875,3
/watson/data/ml/results/cbt-dist/43/43_-ehd_384_-sed_128.out,0.6404,0.678,0.29,0.287,3
/watson/data/ml/results/cbt-dist/1781/1781_-ehd_384_-sed_128.out,0.6396,0.681,0.2916,0.287,3
/watson/data/ml/results/cbt-dist/1986/1986_-ehd_384_-sed_128.out,0.6232,0.6715,0.2912,0.287,2
/watson/data/ml/results/cbt-dist/21/21_-ehd_384_-sed_128.out,0.6328,0.681,0.292,0.2885,2
/watson/data/ml/results/cbt-dist/171/171_-ehd_384_-sed_128.out,0.6292,0.6755,0.2904,0.2865,2
/watson/data/ml/results/cbt-dist/1973/1973_-ehd_384_-sed_128.out,0.6344,0.67,0.29,0.29,3
/watson/data/ml/results/cbt-dist/145/145_-ehd_384_-sed_128.out,0.6196,0.6775,0.2908,0.2895,2
/watson/data/ml/results/cbt-dist/67/67_-ehd_384_-sed_128.out,0.646,0.6725,0.2888,0.2905,3
/watson/data/ml/results/cbt-dist/83/83_-ehd_384_-sed_128.out,0.6264,0.6755,0.2904,0.287,2
/watson/data/ml/results/cbt-dist/1845/1845_-ehd_384_-sed_128.out,0.6168,0.6775,0.29,0.2895,2
/watson/data/ml/results/cbt-dist/35/35_-ehd_384_-sed_128.out,0.626,0.6715,0.2896,0.2875,2
/watson/data/ml/results/cbt-dist/1751/1751_-ehd_384_-sed_128.out,0.6324,0.6695,0.2888,0.287,3
/watson/data/ml/results/cbt-dist/87/87_-ehd_384_-sed_128.out,0.6288,0.6765,0.2904,0.2895,3
/watson/data/ml/results/cbt-dist/1886/1886_-ehd_384_-sed_128.out,0.6328,0.6775,0.2944,0.2885,2
/watson/data/ml/results/cbt-dist/1885/1885_-ehd_384_-sed_128.out,0.6368,0.6845,0.2876,0.287,3
/watson/data/ml/results/cbt-dist/25/25_-ehd_384_-sed_128.out,0.6296,0.68,0.2896,0.289,3
/watson/data/ml/results/cbt-dist/48/48_-ehd_384_-sed_128.out,0.6312,0.676,0.2916,0.2885,2
/watson/data/ml/results/cbt-dist/97/97_-ehd_384_-sed_128.out,0.6452,0.6795,0.2912,0.285,2
/watson/data/ml/results/cbt-dist/112/112_-ehd_384_-sed_128.out,0.6296,0.6805,0.2908,0.2875,3
/watson/data/ml/results/cbt-dist/159/159_-ehd_384_-sed_128.out,0.626,0.6775,0.2904,0.289,2
/watson/data/ml/results/cbt-dist/70/70_-ehd_384_-sed_128.out,0.6296,0.676,0.2908,0.29,2
/watson/data/ml/results/cbt-dist/17/17_-ehd_384_-sed_128.out,0.634,0.681,0.2896,0.291,3
/watson/data/ml/results/cbt-dist/1862/1862_-ehd_384_-sed_128.out,0.6372,0.677,0.29,0.288,3
/watson/data/ml/results/cbt-dist/1771/1771_-ehd_384_-sed_128.out,0.648,0.6775,0.2868,0.2865,3
/watson/data/ml/results/cbt-dist/22/22_-ehd_384_-sed_128.out,0.6504,0.6735,0.2924,0.2895,3
/watson/data/ml/results/cbt-dist/1890/1890_-ehd_384_-sed_128.out,0.616,0.6725,0.2896,0.2855,3
/watson/data/ml/results/cbt-dist/109/109_-ehd_384_-sed_128.out,0.6336,0.679,0.29,0.2875,3
/watson/data/ml/results/cbt-dist/138/138_-ehd_384_-sed_128.out,0.6312,0.678,0.2928,0.289,2
/watson/data/ml/results/cbt-dist/1850/1850_-ehd_384_-sed_128.out,0.6268,0.675,0.29,0.289,2
/watson/data/ml/results/cbt-dist/174/174_-ehd_384_-sed_128.out,0.6232,0.6735,0.2896,0.2895,2
/watson/data/ml/results/cbt-dist/1996/1996_-ehd_384_-sed_128.out,0.6448,0.6755,0.292,0.2885,3
/watson/data/ml/results/cbt-dist/9/9_-ehd_384_-sed_128.out,0.6252,0.671,0.2896,0.2905,2
/watson/data/ml/results/cbt-dist/124/124_-ehd_384_-sed_128.out,0.6304,0.6775,0.292,0.289,3
/watson/data/ml/results/cbt-dist/135/135_-ehd_384_-sed_128.out,0.63,0.677,0.2908,0.2875,2
/watson/data/ml/results/cbt-dist/1869/1869_-ehd_384_-sed_128.out,0.6272,0.669,0.2912,0.2885,2
/watson/data/ml/results/cbt-dist/1880/1880_-ehd_384_-sed_128.out,0.6252,0.6865,0.2896,0.2885,3
/watson/data/ml/results/cbt-dist/1763/1763_-ehd_384_-sed_128.out,0.6252,0.6755,0.2904,0.287,2
/watson/data/ml/results/cbt-dist/170/170_-ehd_384_-sed_128.out,0.636,0.6735,0.292,0.288,2
/watson/data/ml/results/cbt-dist/1765/1765_-ehd_384_-sed_128.out,0.6028,0.6705,0.2908,0.287,2
/watson/data/ml/results/cbt-dist/1788/1788_-ehd_384_-sed_128.out,0.6344,0.685,0.2888,0.287,3
/watson/data/ml/results/cbt-dist/80/80_-ehd_384_-sed_128.out,0.634,0.673,0.2864,0.288,3
/watson/data/ml/results/cbt-dist/1769/1769_-ehd_384_-sed_128.out,0.638,0.679,0.2908,0.286,3
/watson/data/ml/results/cbt-dist/29/29_-ehd_384_-sed_128.out,0.6276,0.6795,0.2932,0.2875,3
/watson/data/ml/results/cbt-big-valid/862/862_-ehd_384_-sed_384.out,0.6112,0.4247,0.26,0.2451,1
/watson/data/ml/results/cbt-big-valid/866/866_-ehd_384_-sed_384.out,0.6108,0.4205,0.2632,0.2458,1
/watson/data/ml/results/cbt-big-valid/880/880_-ehd_384_-sed_384.out,0.6096,0.4242,0.2632,0.2465,1
/watson/data/ml/results/cbt-big-valid/888/888_-ehd_384_-sed_384.out,0.6132,0.4169,0.2616,0.2452,1
/watson/data/ml/results/cbt-big-valid/871/871_-ehd_384_-sed_384.out,0.6148,0.4212,0.2624,0.2464,1
/watson/data/ml/results/cbt-big-valid/887/887_-ehd_384_-sed_384.out,0.6064,0.4268,0.258,0.2482,1
/watson/data/ml/results/cbt-big-valid/885/885_-ehd_384_-sed_384.out,0.6048,0.4194,0.2612,0.2466,1
/watson/data/ml/results/cbt-big-valid/851/851_-ehd_384_-sed_384.out,0.6032,0.4226,0.2628,0.2454,1
/watson/data/ml/results/cbt-big-valid/850/850_-ehd_384_-sed_384.out,0.6092,0.4227,0.2632,0.2448,1
/watson/data/ml/results/cbt-big-valid/870/870_-ehd_384_-sed_384.out,0.6108,0.4243,0.2608,0.249,1
/watson/data/ml/results/cbt-big-valid/899/899_-ehd_384_-sed_384.out,0.6108,0.4298,0.2624,0.2474,1
/watson/data/ml/results/cbt-big-valid/898/898_-ehd_384_-sed_384.out,0.6092,0.422,0.264,0.2473,1
/watson/data/ml/results/cbt-big-valid/876/876_-ehd_384_-sed_384.out,0.6024,0.4219,0.2604,0.2429,1
/watson/data/ml/results/cbt-big-valid/891/891_-ehd_384_-sed_384.out,0.6124,0.4296,0.2608,0.2468,1
/watson/data/ml/results/cbt-big-valid/875/875_-ehd_384_-sed_384.out,0.6216,0.4265,0.2632,0.2458,1
/watson/data/ml/results/cbt-big-valid/867/867_-ehd_384_-sed_384.out,0.6312,0.4173,0.2596,0.2483,1
/watson/data/ml/results/cbt-big-valid/900/900_-ehd_384_-sed_384.out,0.616,0.4235,0.2604,0.2483,1
/watson/data/ml/results/cbt-big-valid/874/874_-ehd_384_-sed_384.out,0.608,0.4249,0.262,0.2479,1
/watson/data/ml/results/cbt-big-valid/889/889_-ehd_384_-sed_384.out,0.6176,0.4246,0.2648,0.2467,1
/watson/data/ml/results/cbt-big-valid/863/863_-ehd_384_-sed_384.out,0.6104,0.42,0.2644,0.2432,1
/watson/data/ml/results/cbt-big-valid/877/877_-ehd_384_-sed_384.out,0.6088,0.4191,0.2588,0.2465,1
/watson/data/ml/results/cbt-big-valid/882/882_-ehd_384_-sed_384.out,0.5976,0.4198,0.2588,0.2502,1
/watson/data/ml/results/cbt-big-valid/872/872_-ehd_384_-sed_384.out,0.6128,0.4264,0.2636,0.2461,1
/watson/data/ml/results/cbt-big-valid/883/883_-ehd_384_-sed_384.out,0.612,0.4283,0.262,0.2481,1
/watson/data/ml/results/cbt-big-valid/881/881_-ehd_384_-sed_384.out,0.6124,0.4231,0.2584,0.2455,1
/watson/data/ml/results/cbt-big-valid/847/847_-ehd_384_-sed_384.out,0.6068,0.4163,0.2624,0.2476,1
/watson/data/ml/results/cbt-big-valid/859/859_-ehd_384_-sed_384.out,0.6184,0.4242,0.2608,0.2491,1
/watson/data/ml/results/cbt-big-valid/854/854_-ehd_384_-sed_384.out,0.6108,0.4248,0.2604,0.247,1
/watson/data/ml/results/cbt-big-valid/892/892_-ehd_384_-sed_384.out,0.604,0.423,0.262,0.247,1
/watson/data/ml/results/cbt-big-valid/861/861_-ehd_384_-sed_384.out,0.6116,0.4236,0.2612,0.244,1
/watson/data/ml/results/cbt-big-valid/858/858_-ehd_384_-sed_384.out,0.6168,0.4217,0.2624,0.2464,1
/watson/data/ml/results/cbt-big-valid/894/894_-ehd_384_-sed_384.out,0.6024,0.4262,0.2636,0.2465,1
/watson/data/ml/results/cbt-big-valid/884/884_-ehd_384_-sed_384.out,0.6052,0.4215,0.2624,0.2493,1
/watson/data/ml/results/cbt-big-valid/901/901_-ehd_384_-sed_384.out,0.2616,0.2451,0.2616,0.2451,0
/watson/data/ml/results/cbt-big-valid/855/855_-ehd_384_-sed_384.out,0.6164,0.4267,0.2624,0.2475,1
/watson/data/ml/results/cbt-big-valid/893/893_-ehd_384_-sed_384.out,0.6132,0.4222,0.2608,0.2468,1
/watson/data/ml/results/cbt-big-valid/879/879_-ehd_384_-sed_384.out,0.6136,0.4217,0.26,0.2474,1
/watson/data/ml/results/cbt-big-valid/849/849_-ehd_384_-sed_384.out,0.6088,0.4246,0.2616,0.2444,1
/watson/data/ml/results/cbt-big-valid/846/846_-ehd_384_-sed_384.out,0.6108,0.4218,0.262,0.2492,1
/watson/data/ml/results/cbt-big-valid/860/860_-ehd_384_-sed_384.out,0.6016,0.4268,0.2648,0.2477,1
/watson/data/ml/results/cbt-big-valid/864/864_-ehd_384_-sed_384.out,0.6172,0.4282,0.26,0.2474,1
/watson/data/ml/results/cbt-big-valid/869/869_-ehd_384_-sed_384.out,0.608,0.4216,0.2616,0.2468,1
/watson/data/ml/results/cbt-big-valid/852/852_-ehd_384_-sed_384.out,0.616,0.425,0.2596,0.2486,1
/watson/data/ml/results/cbt-big-valid/856/856_-ehd_384_-sed_384.out,0.614,0.4215,0.262,0.2436,1
/watson/data/ml/results/cbt-big-valid/848/848_-ehd_384_-sed_384.out,0.6172,0.4198,0.262,0.2439,1
/watson/data/ml/results/cbt-big-valid/873/873_-ehd_384_-sed_384.out,0.6088,0.4247,0.2608,0.2461,1
/watson/data/ml/results/cbt-big-valid/897/897_-ehd_384_-sed_384.out,0.6112,0.4228,0.2632,0.2456,1
/watson/data/ml/results/cbt-big-valid/878/878_-ehd_384_-sed_384.out,0.61,0.4205,0.2592,0.2466,1
/watson/data/ml/results/cbt-big-valid/853/853_-ehd_384_-sed_384.out,0.614,0.4268,0.2608,0.2475,1
/watson/data/ml/results/cbt-big-valid/896/896_-ehd_384_-sed_384.out,0.6172,0.4278,0.2608,0.2484,1
/watson/data/ml/results/cbt-big-valid/886/886_-ehd_384_-sed_384.out,0.6092,0.4232,0.2612,0.2458,1
/watson/data/ml/results/cbt-big-valid/865/865_-ehd_384_-sed_384.out,0.6092,0.4249,0.2588,0.2477,1
/watson/data/ml/results/cbt-big-valid/868/868_-ehd_384_-sed_384.out,0.6096,0.4261,0.262,0.2476,1
/watson/data/ml/results/cbt-big-valid/857/857_-ehd_384_-sed_384.out,0.612,0.4221,0.2624,0.2476,1
/watson/data/ml/results/cbt-big-valid/890/890_-ehd_384_-sed_384.out,0.6032,0.422,0.262,0.2479,1
/watson/data/ml/results/cbt-big-valid/895/895_-ehd_384_-sed_384.out,0.6112,0.422,0.262,0.2469,1
